{"cameraMode":{"drawMode":0,"name":"Shaded","section":"Shading Mode"},"sceneLighting":true,"audioPlay":false,"sceneViewState":{"m_AlwaysRefresh":false,"showFog":true,"showSkybox":true,"showFlares":true,"showImageEffects":true,"showParticleSystems":true,"showVisualEffectGraphs":true,"m_FxEnabled":true},"in2DMode":false,"pivot":{"x":-0.23268985748291017,"y":2.0218796730041506,"z":-0.024983882904052736},"rotation":{"x":0.08839189261198044,"y":-0.8425543904304504,"z":0.14576676487922669,"w":0.5109196305274963},"size":2.9519855976104738,"orthographic":false}