{"cameraMode":{"drawMode":0,"name":"Shaded","section":"Shading Mode"},"sceneLighting":true,"audioPlay":false,"sceneViewState":{"m_AlwaysRefresh":false,"showFog":true,"showSkybox":true,"showFlares":true,"showImageEffects":true,"showParticleSystems":true,"showVisualEffectGraphs":true,"m_FxEnabled":true},"in2DMode":false,"pivot":{"x":29.611026763916017,"y":0.8398087024688721,"z":1.0519123077392579},"rotation":{"x":0.0011498959502205253,"y":-0.9678319096565247,"z":0.25261735916137698,"w":0.0067472634837031368},"size":3.6351253986358644,"orthographic":false}