{"cameraMode":{"drawMode":0,"name":"Shaded","section":"Shading Mode"},"sceneLighting":true,"audioPlay":false,"sceneViewState":{"m_AlwaysRefresh":false,"showFog":true,"showSkybox":true,"showFlares":true,"showImageEffects":true,"showParticleSystems":true,"showVisualEffectGraphs":true,"m_FxEnabled":true},"in2DMode":false,"pivot":{"x":34.126220703125,"y":1.9210188388824463,"z":1.6199910640716553},"rotation":{"x":0.003597305389121175,"y":0.7855424880981445,"z":-0.0052059306763112549,"w":0.6192972660064697},"size":4.692650318145752,"orthographic":false}