{"cameraMode":{"drawMode":0,"name":"Shaded","section":"Shading Mode"},"sceneLighting":false,"audioPlay":false,"sceneViewState":{"m_AlwaysRefresh":false,"showFog":true,"showSkybox":false,"showFlares":true,"showImageEffects":true,"showParticleSystems":true,"showVisualEffectGraphs":true,"m_FxEnabled":true},"in2DMode":false,"pivot":{"x":56.631744384765628,"y":8.049964904785157,"z":39.13752746582031},"rotation":{"x":0.007102972827851772,"y":-0.99896639585495,"z":-0.036898139864206317,"w":-0.051393721252679828},"size":7.497647762298584,"orthographic":false}