{"cameraMode":{"drawMode":0,"name":"Shaded","section":"Shading Mode"},"sceneLighting":true,"audioPlay":false,"sceneViewState":{"m_AlwaysRefresh":false,"showFog":true,"showSkybox":true,"showFlares":true,"showImageEffects":true,"showParticleSystems":true,"showVisualEffectGraphs":true,"m_FxEnabled":true},"in2DMode":false,"pivot":{"x":26.167043685913087,"y":-0.4469648599624634,"z":-14.027128219604493},"rotation":{"x":0.006583234760910273,"y":0.9994757771492004,"z":-0.05568797141313553,"w":0.02760428935289383},"size":13.479736328125,"orthographic":false}