{"cameraMode":{"drawMode":0,"name":"Shaded","section":"Shading Mode"},"sceneLighting":false,"audioPlay":false,"sceneViewState":{"m_AlwaysRefresh":false,"showFog":true,"showSkybox":false,"showFlares":true,"showImageEffects":true,"showParticleSystems":true,"showVisualEffectGraphs":true,"m_FxEnabled":true},"in2DMode":false,"pivot":{"x":175.41534423828126,"y":15.558536529541016,"z":-1.4477828741073609},"rotation":{"x":0.01593838632106781,"y":-0.9742271304130554,"z":0.06591944396495819,"w":0.21879294514656068},"size":3.1278698444366457,"orthographic":false}