{"cameraMode":{"drawMode":0,"name":"Shaded","section":"Shading Mode"},"sceneLighting":false,"audioPlay":false,"sceneViewState":{"m_AlwaysRefresh":false,"showFog":true,"showSkybox":false,"showFlares":true,"showImageEffects":true,"showParticleSystems":true,"showVisualEffectGraphs":true,"m_FxEnabled":true},"in2DMode":false,"pivot":{"x":-0.0003801584243774414,"y":0.3498912751674652,"z":0.0003237128257751465},"rotation":{"x":0.1018039807677269,"y":0.5569302439689636,"z":-0.06902767717838288,"w":0.8214272856712341},"size":0.7732279896736145,"orthographic":false}