{"cameraMode":{"drawMode":0,"name":"Shaded","section":"Shading Mode"},"sceneLighting":false,"audioPlay":false,"sceneViewState":{"m_AlwaysRefresh":false,"showFog":true,"showSkybox":false,"showFlares":true,"showImageEffects":true,"showParticleSystems":true,"showVisualEffectGraphs":true,"m_FxEnabled":true},"in2DMode":false,"pivot":{"x":57.653079986572269,"y":2.996103048324585,"z":180.91250610351563},"rotation":{"x":0.030280547216534616,"y":0.02530449815094471,"z":-0.001898188260383904,"w":0.9995563626289368},"size":0.64711594581604,"orthographic":false}